time,observed,seasonal,trend,resid
2021-01-01 00:00:00+00:00,4.0300000000000002,-2.5079151904133288,8.6073495918496992,-2.0694344014363697
2021-01-01 01:00:00+00:00,3.9820000000000002,-3.3080442266100705,8.6091950068465657,-1.3191507802364946
2021-01-01 02:00:00+00:00,8.1460000000000008,-1.4585082675985943,8.611025156062512,0.99348311153608293
2021-01-01 03:00:00+00:00,8.6159999999999997,-1.5738864444500495,8.6128400278338528,1.5770464166161968
2021-01-01 04:00:00+00:00,10.207000000000001,0.14697328701271681,8.6146396019177232,1.4453871110695609
2021-01-01 05:00:00+00:00,10.234,0.56599900943029091,8.6164238392362158,1.0515771513334933
2021-01-01 06:00:00+00:00,8.1869999999999994,-2.3472360530249836,8.6181926826281572,1.9160433703968263
2021-01-01 07:00:00+00:00,7.9640000000000004,-2.8883716762360181,8.6199460588036061,2.232425617432412
2021-01-01 08:00:00+00:00,7.6669999999999998,-1.7795480561718704,8.6216838711852777,0.82486418498659297
2021-01-01 09:00:00+00:00,8.6259999999999994,0.25625250648126058,8.6234059985245235,-0.25365850500578446
2021-01-01 10:00:00+00:00,11.983000000000001,1.259504902681128,8.6251123086584673,2.0983827886604054
2021-01-01 11:00:00+00:00,9.6270000000000007,26.33370950464607,8.6268026662442416,-25.333512170890312
2021-01-01 12:00:00+00:00,9.5890000000000004,-0.60727514128329885,8.6284769192417468,1.5677982220415529
2021-01-01 13:00:00+00:00,9.0600000000000005,1.9476594007359551,8.6301349085042443,-1.5177943092401991
2021-01-01 14:00:00+00:00,5.7990000000000004,-0.57428347884404607,8.631776465311134,-2.258492986467088
2021-01-01 15:00:00+00:00,5.3860000000000001,-0.69220897639349233,8.6334014365159657,-2.5551924601224734
2021-01-01 16:00:00+00:00,5.4290000000000003,-2.342324438302164,8.6350096978333983,-0.8636852595312341
2021-01-01 17:00:00+00:00,5.306,-2.8240094726034148,8.6366011542211254,-0.50659168161771007
2021-01-01 18:00:00+00:00,5.2240000000000002,-2.6510722762110843,8.6381757262723617,-0.76310345006127722
2021-01-01 19:00:00+00:00,6.8739999999999997,-0.28695885450898589,8.6397333443748145,-1.4787744898658293
2021-01-01 20:00:00+00:00,4.101,-2.1299449899368499,8.6412739517505184,-2.4103289618136685
2021-01-01 21:00:00+00:00,4.3550000000000004,-0.63765789004041495,8.6427975129076096,-3.6501396228671945
2021-01-01 22:00:00+00:00,6.6520000000000001,0.10650128588699256,8.6443040242850433,-2.0988053101720361
2021-01-01 23:00:00+00:00,4.2199999999999998,-1.953305947194161,8.6457935213393302,-2.4724875741451697
2021-01-02 00:00:00+00:00,6.5339999999999998,-2.1895238371468002,8.6472660714806846,0.076257765666115418
2021-01-02 01:00:00+00:00,6.194,-2.974347165919033,8.648721769334033,0.51962539658500084
2021-01-02 02:00:00+00:00,5.952,-1.5127331376301307,8.6501607160923246,-1.1854275784621944
2021-01-02 03:00:00+00:00,5.6020000000000003,-1.526882185242336,8.6515830142465475,-1.5227008290042114
2021-01-02 04:00:00+00:00,6.6299999999999999,0.099588728497785925,8.6529887817454192,-2.1225775102432056
2021-01-02 05:00:00+00:00,7.0999999999999996,0.37331908222863153,8.6543781595256206,-1.9276972417542524
2021-01-02 06:00:00+00:00,6.8159999999999998,-2.3515820436613426,8.6557513164885993,0.51183072717274314
2021-01-02 07:00:00+00:00,5.5220000000000002,-2.7232650421440301,8.6571084444264024,-0.41184340228237204
2021-01-02 08:00:00+00:00,6.2960000000000003,-1.7625217669819551,8.6584497399046967,-0.59992797292274069
2021-01-02 09:00:00+00:00,6.133,0.31395479080983263,8.6597754074488247,-2.8407301982586572
2021-01-02 10:00:00+00:00,5.9039999999999999,1.3769020038107282,8.6610856672262191,-4.1339876710369472
2021-01-02 11:00:00+00:00,5.9390000000000001,24.029052875454649,8.6623807737278824,-26.752433649182532
2021-01-02 12:00:00+00:00,5.2720000000000002,0.51635941641859673,8.6636610197244437,-3.9080204361430404
2021-01-02 13:00:00+00:00,6.6989999999999998,1.8088697410218635,8.6649267169591457,-3.7747964579810098
2021-01-02 14:00:00+00:00,9.2449999999999992,-0.62012710132972171,8.6661782159913656,1.1989488853383552
2021-01-02 15:00:00+00:00,6.383,-0.77580902579653155,8.6674159036903973,-1.5086068778938655
2021-01-02 16:00:00+00:00,3.7429999999999999,-2.2947732457300543,8.6686401730171294,-2.6308669272870748
2021-01-02 17:00:00+00:00,4.1900000000000004,-2.6888976042748549,8.6698514375910261,-1.7909538333161708
2021-01-02 18:00:00+00:00,5.2670000000000003,-2.257470994217214,8.6710501435911009,-1.1465791493738866
2021-01-02 19:00:00+00:00,4.5730000000000004,-0.33133191150951513,8.6722367650639818,-3.7679048535544659
2021-01-02 20:00:00+00:00,5.1980000000000004,-2.0771779799196466,8.6734118020260098,-1.3982338221063628
2021-01-02 21:00:00+00:00,8.5090000000000003,-0.63846063524353469,8.6745757923505824,0.47288484289295241
2021-01-02 22:00:00+00:00,8.0489999999999995,-0.046878138455392959,8.6757292979859315,-0.57985115953053956
2021-01-02 23:00:00+00:00,5.0199999999999996,-1.768333230508454,8.6768728889402809,-1.888539658431827
2021-01-03 00:00:00+00:00,5.6879999999999997,-1.8962671252152918,8.6780071504327125,-1.0937400252174214
2021-01-03 01:00:00+00:00,5.9580000000000002,-2.6443280336085531,8.6791326934307627,-0.076804659822208521
2021-01-03 02:00:00+00:00,5.3719999999999999,-1.5639866591626996,8.6802501495741993,-1.7442634904115
2021-01-03 03:00:00+00:00,5.96,-1.4677233989262735,8.6813601651751213,-1.2536367662488477
2021-01-03 04:00:00+00:00,6.056,0.04625107423381291,8.6824634110836989,-2.6727144853175115
2021-01-03 05:00:00+00:00,4.9459999999999997,0.17537644097545693,8.683560584927422,-3.9129370259028793
2021-01-03 06:00:00+00:00,4.3849999999999998,-2.3124301713111706,8.6846524216349472,-1.9872222503237769
2021-01-03 07:00:00+00:00,4.1749999999999998,-2.5236455854142763,8.6857396998532561,-1.98709411443898
2021-01-03 08:00:00+00:00,6.8230000000000004,-1.7100156869313787,8.6868232333691893,-0.15380754643781103
2021-01-03 09:00:00+00:00,12.718999999999999,0.37672325688187847,8.6879038654854437,3.654372877632678
2021-01-03 10:00:00+00:00,29.670000000000002,1.4831644799913937,8.6889824496387718,19.497853070369835
2021-01-03 11:00:00+00:00,74.814999999999998,21.837967447988078,8.6900598269188389,44.286972725093079
2021-01-03 12:00:00+00:00,61.771000000000001,1.6153214881046023,8.6911368435832497,51.464541668312144
2021-01-03 13:00:00+00:00,15.433999999999999,1.6473363081928929,8.6922143571593811,5.0944493346477255
2021-01-03 14:00:00+00:00,7.1210000000000004,-0.67209518688152869,8.6932932295542003,-0.90019804267267123
2021-01-03 15:00:00+00:00,11.513999999999999,-0.86994578878751849,8.6943743075219508,3.6895714812655669
2021-01-03 16:00:00+00:00,8.2010000000000005,-2.2556377258532931,8.6954584427909296,1.7611792830623649
2021-01-03 17:00:00+00:00,5.2750000000000004,-2.5767259557667024,8.6965464730490769,-0.84482051728237373
2021-01-03 18:00:00+00:00,4.8419999999999996,-1.891285784319181,8.6976392298025473,-1.9643534454833667
2021-01-03 19:00:00+00:00,10.624000000000001,-0.40862453678464394,8.6987375621756993,2.3338869746089461
2021-01-03 20:00:00+00:00,15.521000000000001,-2.0487679919569182,8.6998423422357973,8.8699256497211216
2021-01-03 21:00:00+00:00,12.577999999999999,-0.63369745234484431,8.7009544355609876,4.5107430167838558
2021-01-03 22:00:00+00:00,13.916,-0.18683703844016863,8.7020746875612875,5.4007623508788818
2021-01-03 23:00:00+00:00,13.523999999999999,-1.6109017423952194,8.7032039159431598,6.4316978264520586
2021-01-04 00:00:00+00:00,13.948,-1.6161519246720844,8.7043429069953682,6.8598090176767172
2021-01-04 01:00:00+00:00,18.704000000000001,-2.3175891125275392,8.7054924145952217,12.316096697932318
2021-01-04 02:00:00+00:00,18.550000000000001,-1.6228135899449556,8.7066531665581923,11.466160423386762
2021-01-04 03:00:00+00:00,19.106000000000002,-1.4122154920426133,8.7078258890496691,11.810389602992945
2021-01-04 04:00:00+00:00,17.427,-0.022888661607208156,8.7090113095337287,8.740877352073479
2021-01-04 05:00:00+00:00,14.804,-0.029908690361030943,8.7102101533211123,6.1236985370399193
2021-01-04 06:00:00+00:00,3.9569999999999999,-2.2558970112527477,8.7114231250622378,-2.4985261138094899
2021-01-04 07:00:00+00:00,4.7110000000000003,-2.3139988413748775,8.7126509083221819,-1.6876520669473045
2021-01-04 08:00:00+00:00,6.5919999999999996,-1.6288192298658926,8.7138942080149473,-0.4930749781490551
2021-01-04 09:00:00+00:00,28.212,0.4549385976356855,8.7151537551395872,19.041907647224726
2021-01-04 10:00:00+00:00,43.442,1.5644311961418251,8.7164302966333604,33.161138507224813
2021-01-04 11:00:00+00:00,32.405000000000001,19.765755199061228,8.7177245899398006,3.9215202109989722
2021-01-04 12:00:00+00:00,24.870999999999999,2.6750329893311804,8.719037396267737,13.47692961440108
2021-01-04 13:00:00+00:00,12.723000000000001,1.4825506850918462,8.7203694622899963,2.5200798526181583
2021-01-04 14:00:00+00:00,9.9329999999999998,-0.73475465550407359,8.7217215337955079,1.9460331217085649
2021-01-04 15:00:00+00:00,10.416,-0.95815581208176559,8.7230943451733545,2.6510614669084109
2021-01-04 16:00:00+00:00,9.625,-2.2154040604453278,8.724488617219448,3.1159154432258802
2021-01-04 17:00:00+00:00,8.8829999999999991,-2.4912053778708954,8.7259050526730384,2.6483003251978552
2021-01-04 18:00:00+00:00,11.648,-1.5592636144059959,8.7273443327018629,4.4799192817041327
2021-01-04 19:00:00+00:00,15.183999999999999,-0.50274552756043889,8.7288071161913976,6.9579384113690406
2021-01-04 20:00:00+00:00,17.553999999999998,-2.029405005330994,8.7302940311980102,10.853110974132981
2021-01-04 21:00:00+00:00,21.026,-0.60741587027224164,8.7318056752179434,12.901610195054298
2021-01-04 22:00:00+00:00,23.202000000000002,-0.30115871935492367,8.7333426346572693,14.769816084697656
2021-01-04 23:00:00+00:00,24.312000000000001,-1.464536343546089,8.7349054984612984,17.041630845084793
2021-01-05 00:00:00+00:00,24.821999999999999,-1.3310378642806939,8.736494861004175,17.416543003276519
2021-01-05 01:00:00+00:00,24.597000000000001,-1.9983080581499952,8.7381113223838529,17.857196735766145
2021-01-05 02:00:00+00:00,17.872,-1.6923624021727011,8.7397554886052067,10.824606913567495
2021-01-05 03:00:00+00:00,19.963999999999999,-1.3750469832656813,8.7414279692771348,12.597619013988544
2021-01-05 04:00:00+00:00,21.969999999999999,-0.10106842477044607,8.743129369847269,13.327939054923176
2021-01-05 05:00:00+00:00,17.184999999999999,-0.22304111234465121,8.7448602980342152,8.6631808143104365
2021-01-05 06:00:00+00:00,7.8559999999999999,-2.2099152790244294,8.746621361710579,1.3192939173138498
2021-01-05 07:00:00+00:00,8.8149999999999995,-2.1171976965078656,8.7484131494645307,2.1837845470433344
2021-01-05 08:00:00+00:00,10.202999999999999,-1.5313204503994216,8.7502362353645911,2.9840842150348301
2021-01-05 09:00:00+00:00,11.404,0.54257270123905899,8.7520911742313174,2.1093361245296229
2021-01-05 10:00:00+00:00,19.625,1.6187668375136133,8.7539784956643523,9.2522546668220329
2021-01-05 11:00:00+00:00,23.343,17.786287308296345,8.7558987061819185,-3.1991860144782631
2021-01-05 12:00:00+00:00,19.468,3.6955786024171897,8.7578522961768108,7.0145691014059999
2021-01-05 13:00:00+00:00,11.913,1.3152232681450824,8.759839768371684,1.8379369634832337
2021-01-05 14:00:00+00:00,10.276,-0.81729349724254929,8.7618616000199054,2.3314318972226431
2021-01-05 15:00:00+00:00,9.3859999999999992,-1.0422155062033955,8.7639182431402585,1.664297263063137
2021-01-05 16:00:00+00:00,9.2859999999999996,-2.1706150122401029,8.7660101249814044,2.690604887258699
2021-01-05 17:00:00+00:00,12.683,-2.4277221963268296,8.7681376489415914,6.342584547385238
2021-01-05 18:00:00+00:00,11.236000000000001,-1.2573649606115904,8.7703011845835483,3.7230637760280434
2021-01-05 19:00:00+00:00,9.9420000000000002,-0.5997531007276351,8.7725010541894015,1.7692520465382344
2021-01-05 20:00:00+00:00,8.3870000000000005,-2.0130847868422683,8.7747375360245066,1.6253472508177627
2021-01-05 21:00:00+00:00,10.917999999999999,-0.56971957574017595,8.7770108761625689,2.7107086995776069
2021-01-05 22:00:00+00:00,9.4979999999999993,-0.40157039358401209,8.7793212890648675,1.1202491045191447
2021-01-05 23:00:00+00:00,11.266999999999999,-1.3248955033309426,8.7816689511844928,3.8102265521464496
2021-01-06 00:00:00+00:00,17.164000000000001,-1.0078904323000475,8.7840540043800797,9.3878364279199698
2021-01-06 01:00:00+00:00,15.052,-1.6660720138954361,8.786476540098711,7.931595473796726
2021-01-06 02:00:00+00:00,16.82,-1.7537587872783924,8.7889365967653283,9.784822190513065
2021-01-06 03:00:00+00:00,17.962,-1.3616399473441421,8.79143415289861,10.532205794445531
2021-01-06 04:00:00+00:00,17.263000000000002,-0.1599320157145826,8.7939691337650601,8.6289628819495228
2021-01-06 05:00:00+00:00,8.6790000000000003,-0.37597510827673813,8.7965414130960724,0.25843369518066517
2021-01-06 06:00:00+00:00,7.8209999999999997,-2.1847600408714896,8.7991508042711946,1.2066092366002952
2021-01-06 07:00:00+00:00,6.9180000000000001,-1.9396058615193243,8.8017970761305353,0.055808785388789417
2021-01-06 08:00:00+00:00,5.2939999999999996,-1.4365753386071254,8.8044799503156046,-2.0739046117084801
2021-01-06 09:00:00+00:00,8.9309999999999992,0.61555037383870403,8.8071991115452217,-0.49174948538392727
2021-01-06 10:00:00+00:00,11.427,1.6829957739758574,8.809954223840041,0.93405000218410095
2021-01-06 11:00:00+00:00,14.231,15.77086816085926,8.812744915944366,-10.352613076803626
2021-01-06 12:00:00+00:00,13.693,4.7373871612512994,8.815570767417789,0.14004207133091029
2021-01-06 13:00:00+00:00,9.5039999999999996,1.0947493491632057,8.8184313228477027,-0.40918067201090835
2021-01-06 14:00:00+00:00,7.21,-0.95410576379683365,8.8213260785675089,-0.65722031477067588
2021-01-06 15:00:00+00:00,5.4569999999999999,-1.1713436891971933,8.824254480341482,-2.1959107911442892
2021-01-06 16:00:00+00:00,4.0049999999999999,-2.1506264289267052,8.8272159268181696,-2.671589497891464
2021-01-06 17:00:00+00:00,5.4989999999999997,-2.3890955764850554,8.8302097820304066,-0.94211420554535152
2021-01-06 18:00:00+00:00,7.7619999999999996,-0.9943246615128617,8.8332353757901672,-0.076910714277305559
2021-01-06 19:00:00+00:00,8.2279999999999998,-0.71227073136254759,8.8362919822824733,0.1039787490800741
2021-01-06 20:00:00+00:00,7.8810000000000002,-2.0047754030597775,8.8393788005439795,1.0463966025157987
2021-01-06 21:00:00+00:00,5.9009999999999998,-0.57161857344394418,8.8424949402701358,-2.3698763668261922
2021-01-06 22:00:00+00:00,7.6630000000000003,-0.53267297678827963,8.8456394113434911,-0.64996643455521053
2021-01-06 23:00:00+00:00,7.6890000000000001,-1.1840862591663488,8.8488111440362029,0.024275115130146574
2021-01-07 00:00:00+00:00,7.1929999999999996,-0.61375764562792878,8.8520089696176836,-1.0452513239897554
2021-01-07 01:00:00+00:00,6.641,-1.2281619500250212,8.8552316002811224,-0.98606965025610105
2021-01-07 02:00:00+00:00,5.4720000000000004,-1.5975486887775596,8.8584776267967502,-1.7889289380191897
2021-01-07 03:00:00+00:00,7.1459999999999999,-1.1605093454237989,8.861745509752744,-0.55523616432894585
2021-01-07 04:00:00+00:00,7.5110000000000001,0.055093919374912578,8.8650335701058385,-1.4091274894807508
2021-01-07 05:00:00+00:00,6.2750000000000004,-0.41892693117131913,8.8683399630652957,-2.1744130318939758
2021-01-07 06:00:00+00:00,5.694,-2.0443654206038331,8.87166266762876,-1.1332972470249274
2021-01-07 07:00:00+00:00,6.6340000000000003,-1.6440812521890882,8.8749994739075877,-0.59691822171849829
2021-01-07 08:00:00+00:00,6.7709999999999999,-1.3020796431986186,8.8783479481519496,-0.80526830495333179
2021-01-07 09:00:00+00:00,6.6920000000000002,0.60636858293442442,8.8817053961387273,-2.7960739790731512
2021-01-07 10:00:00+00:00,7.2199999999999998,2.0258174452856759,8.8850688386787233,-3.6908862839643994
2021-01-07 11:00:00+00:00,6.1799999999999997,13.703340534222381,8.8884350039128428,-16.411775538135224
2021-01-07 12:00:00+00:00,6.4820000000000002,6.1018727711196794,8.8918002942717287,-8.5116730653914079
2021-01-07 13:00:00+00:00,6.9370000000000003,0.69264097080190212,8.8951607136253834,-2.650801684427285
2021-01-07 14:00:00+00:00,7.8410000000000002,-1.1369596027030002,8.8985118490633273,0.07944775363967338
2021-01-07 15:00:00+00:00,6.4340000000000002,-1.4305711608526728,8.901848813227252,-1.0372776523745788
2021-01-07 16:00:00+00:00,5.7590000000000003,-2.1512597713459538,8.9051661511381877,-0.99490637979223351
2021-01-07 17:00:00+00:00,5.492,-2.2745644940244163,8.9084577809793988,-1.141893286954982
2021-01-07 18:00:00+00:00,6.6760000000000002,-0.67458040693936194,8.9117169265322023,-1.5611365195928402
2021-01-07 19:00:00+00:00,6.4550000000000001,-0.83802964157717941,8.9149360433683018,-1.6219064017911222
2021-01-07 20:00:00+00:00,4.6749999999999998,-2.068294873645081,8.9181067431847243,-2.1748118695396439
2021-01-07 21:00:00+00:00,6.9119999999999999,-0.69668105206049324,8.921219711131295,-1.3125386590708015
2021-01-07 22:00:00+00:00,6.1619999999999999,-0.71926150757743801,8.92426462025192,-2.0430031126744819
2021-01-07 23:00:00+00:00,6.0839999999999996,-1.0524938013346781,8.9272300305958989,-1.7907362292612214
2021-01-08 00:00:00+00:00,6.8819999999999997,-0.6303054969076235,8.9301033031843531,-1.41779780627673
2021-01-08 01:00:00+00:00,6.274,-1.0359430988757699,8.9328705081941013,-1.622927409318331
2021-01-08 02:00:00+00:00,6.2990000000000004,-1.5133737627657025,8.9355163365735955,-1.1231425738078924
2021-01-08 03:00:00+00:00,7.5209999999999999,-0.87637485750687161,8.9380240300744465,-0.54064917256757461
2021-01-08 04:00:00+00:00,6.9809999999999999,0.10335736727387734,8.9403753204551712,-2.0627326877290484
2021-01-08 05:00:00+00:00,5.96,-0.37456382821940026,8.9425503996818154,-2.6079865714624155
2021-01-08 06:00:00+00:00,7.2830000000000004,-1.6338790567365191,8.9445279607528594,-0.027648904016340126
2021-01-08 07:00:00+00:00,7.8789999999999996,-1.1182617104440422,8.9462852661122731,0.050976444331768178
2021-01-08 08:00:00+00:00,6.2750000000000004,-0.79695456434429091,8.9477982249767827,-1.8758436606324915
2021-01-08 09:00:00+00:00,8.8559999999999999,0.68381226476126222,8.9490415802827901,-0.77685384504405164
2021-01-08 10:00:00+00:00,12.6,1.8610321297220354,8.9499892161938881,1.788978654084076
2021-01-08 11:00:00+00:00,19.850000000000001,11.90426738668914,8.9506145009558562,-1.004881887644995
2021-01-08 12:00:00+00:00,16.771999999999998,5.9466207553056414,8.9508907034214111,1.874488541272946
2021-01-08 13:00:00+00:00,8.4749999999999996,0.28028663429780515,8.9507915782943783,-0.75607821259218433
2021-01-08 14:00:00+00:00,6.4450000000000003,-1.1944626509724701,8.9502919732414732,-1.3108293222690026
2021-01-08 15:00:00+00:00,7.569,-1.4084721491735672,8.9523647357406642,0.025107413432902348
2021-01-08 16:00:00+00:00,6.7939999999999996,-1.9300355709529744,8.9543808661495987,-0.23034529519662428
2021-01-08 17:00:00+00:00,6.6440000000000001,-2.1127549082685424,8.9563378641748219,-0.19958295590627984
2021-01-08 18:00:00+00:00,6.3869999999999996,-0.59403877338285016,8.9582334463761644,-1.9771946729933143
2021-01-08 19:00:00+00:00,5.9429999999999996,-1.1156719965086859,8.9600656905713709,-1.9013936940626852
2021-01-08 20:00:00+00:00,5.6219999999999999,-2.3940703784020898,8.9618331912740761,-0.94576281287198682
2021-01-08 21:00:00+00:00,7.0289999999999999,-0.6427214786731329,8.963535494561814,-1.2918140158886811
2021-01-08 22:00:00+00:00,5.9459999999999997,-0.66280753355246924,8.9651729499614525,-2.356365416408984
2021-01-08 23:00:00+00:00,6.1550000000000002,-1.2599864419794631,8.9667466792486064,-1.5517602372691428
2021-01-09 00:00:00+00:00,6.2439999999999998,-0.76698610094686948,8.9682584790834419,-1.9572723781365724
2021-01-09 01:00:00+00:00,6.5300000000000002,-1.0683814666370914,8.9697107850435334,-1.3713293184064419
2021-01-09 02:00:00+00:00,6.3929999999999998,-1.558134603014403,8.9711065774626508,-1.0199719744482483
2021-01-09 03:00:00+00:00,7.0990000000000002,-0.67114604790544474,8.9724492200021491,-1.2023031720967037
2021-01-09 04:00:00+00:00,6.9219999999999997,-0.12079870672813858,8.9737424838650242,-1.9309437771368856
2021-01-09 05:00:00+00:00,5.806,-0.33672243395227042,8.9749901954246276,-2.832267761472357
2021-01-09 06:00:00+00:00,5.5899999999999999,-1.3025258194738645,8.976196085992223,-2.0836702665183591
2021-01-09 07:00:00+00:00,7.0099999999999998,-0.66870257854167348,8.9773638022375,-1.2986612236958264
2021-01-09 08:00:00+00:00,7.056,-0.23927158644125054,8.9784971524820172,-1.6832255660407665
2021-01-09 09:00:00+00:00,11.484,0.97725171320136028,8.9796001039355549,1.5271481828630851
2021-01-09 10:00:00+00:00,31.728000000000002,1.8607724043260689,8.9806768018641492,20.886550793809782
2021-01-09 11:00:00+00:00,24.442,10.23110135493484,8.9817312726824525,5.2291673723827081
2021-01-09 12:00:00+00:00,20.713999999999999,5.5016147025496087,8.9827672987625355,6.2296179986878535
2021-01-09 13:00:00+00:00,9.9139999999999997,0.079635079933164238,8.9837882273429255,0.85057669272391045
2021-01-09 14:00:00+00:00,6.8550000000000004,-1.291024489021336,8.9847970384615152,-0.8387725494401792
2021-01-09 15:00:00+00:00,5.4429999999999996,-1.1063931453521541,8.9857964649222666,-2.4364033195701129
2021-01-09 16:00:00+00:00,3.887,-1.5423680183259096,8.9867893473823468,-3.5574213290564369
2021-01-09 17:00:00+00:00,5.0380000000000003,-1.9430386092873906,8.9877787219042116,-2.0067401126168205
2021-01-09 18:00:00+00:00,12.502000000000001,-0.678551428992202,8.9887677271107815,4.1917837018814215
2021-01-09 19:00:00+00:00,6.9900000000000002,-1.3384834366441005,8.9897594372165894,-0.6612760005724887
2021-01-09 20:00:00+00:00,5.641,-2.382000786684872,8.9907567455925452,-0.96775595890767363
2021-01-09 21:00:00+00:00,7.1680000000000001,-0.40366794676906798,8.9917622859614852,-1.420094339192417
2021-01-09 22:00:00+00:00,8.5839999999999996,-0.49810876853654007,8.9927786785062569,0.08933009003028225
2021-01-09 23:00:00+00:00,7.3399999999999999,-1.2985390907524867,8.9938085274573698,-0.35526943670488365
2021-01-10 00:00:00+00:00,8.6859999999999999,-0.74353586997442966,8.9948543585751235,0.43468151139930633
2021-01-10 01:00:00+00:00,9.077,-1.0778869848369719,8.9959185549894283,1.158968429847544
2021-01-10 02:00:00+00:00,6.9530000000000003,-1.4578255261033926,8.9970030610463265,-0.58617753494293368
2021-01-10 03:00:00+00:00,8.5350000000000001,-0.5381532301376708,8.9981095581123878,0.075043672025282504
2021-01-10 04:00:00+00:00,10.545999999999999,-0.35406572521441659,8.9992392593975286,1.9008264658168876
2021-01-10 05:00:00+00:00,11.433,-0.27530328689594508,9.0003929974705912,2.7079102894253531
2021-01-10 06:00:00+00:00,12.050000000000001,-1.1594183927862893,9.0015715464116859,4.2078468463746042
2021-01-10 07:00:00+00:00,9.5719999999999992,-0.4027206666157287,9.002775459728392,0.97194520688733554
2021-01-10 08:00:00+00:00,12.053000000000001,0.1487178347217302,9.0040049632699706,2.9002772020083007
2021-01-10 09:00:00+00:00,34.466999999999999,1.1527678840887463,9.0052600279674238,24.308972087943829
2021-01-10 10:00:00+00:00,81.890000000000001,1.9184413725221141,9.0065403291527684,70.96501829832512
2021-01-10 11:00:00+00:00,109.908,8.7994329658878705,9.0078450927089264,92.100721941403208
2021-01-10 12:00:00+00:00,89.447999999999993,5.1667684379610428,9.0091733546967259,75.272058207342226
2021-01-10 13:00:00+00:00,32.459000000000003,0.11209727586003551,9.0105242256832909,23.336378498456675
2021-01-10 14:00:00+00:00,6.7770000000000001,-1.4280147977566973,9.0118967810766648,-0.8068819833199683
2021-01-10 15:00:00+00:00,7.29,-0.77138251740627073,9.0132899681307617,-0.9519074507244909
2021-01-10 16:00:00+00:00,8.7870000000000008,-1.0819242518550842,9.0147027132494255,0.85422153860565864
2021-01-10 17:00:00+00:00,5.6920000000000002,-1.7794193111383043,9.0161340926572731,-1.5447147815189686
2021-01-10 18:00:00+00:00,4.46,-0.73874206625742878,9.0175831236239343,-3.8188410573665053
2021-01-10 19:00:00+00:00,6.6379999999999999,-1.4336510285509843,9.0190486965963927,-0.94739766804540793
2021-01-10 20:00:00+00:00,6.0590000000000002,-2.3131869571127295,9.0205294709400192,-0.64834251382728958
2021-01-10 21:00:00+00:00,10.651999999999999,-0.22979532160527838,9.0220237825982732,1.8597715390070046
2021-01-10 22:00:00+00:00,8.4789999999999992,-0.34838207458368065,9.0235301125849698,-0.1961480380012901
2021-01-10 23:00:00+00:00,6.5039999999999996,-1.2224156015688181,9.025046802635341,-1.2986312010665237
2021-01-11 00:00:00+00:00,7.3819999999999997,-0.73231554646870967,9.0265721492411117,-0.91225660277240195
2021-01-11 01:00:00+00:00,6.9459999999999997,-1.0048845378185971,9.0281046453471294,-1.0772201075285324
2021-01-11 02:00:00+00:00,7.7539999999999996,-1.2320396685930093,9.0296426664732561,-0.043602997880247685
2021-01-11 03:00:00+00:00,7.0990000000000002,-0.54593185765929919,9.0311843737622279,-1.3862525161029282
2021-01-11 04:00:00+00:00,7.7439999999999998,-0.58676834767767894,9.0327278808299525,-0.701959533152273
2021-01-11 05:00:00+00:00,8.4179999999999993,-0.24253769280368248,9.0342717385199673,-0.37373404571628477
2021-01-11 06:00:00+00:00,7.1669999999999998,-1.0337963236765246,9.0358148087692847,-0.83501848509276044
2021-01-11 07:00:00+00:00,10.228999999999999,-0.20400388461161625,9.0373564173949514,1.3956474672166639
2021-01-11 08:00:00+00:00,11.65,0.4109388451415707,9.0388962466917828,2.2001649081666468
2021-01-11 09:00:00+00:00,9.4689999999999994,1.3787133581266122,9.0404338707385552,-0.950147228865168
2021-01-11 10:00:00+00:00,8.157,2.0575633864255134,9.0419685553160516,-2.9425319417415654
2021-01-11 11:00:00+00:00,9.7539999999999996,7.2782087726847333,9.0434996611919019,-6.5677084338766356
2021-01-11 12:00:00+00:00,10.058,4.9877380841935119,9.0450267943563016,-3.9747648785498138
2021-01-11 13:00:00+00:00,8.4809999999999999,0.37480667477169771,9.0465500060317474,-0.94035668080344514
2021-01-11 14:00:00+00:00,8.3119999999999994,-1.5330004701467492,9.0480699769507353,0.7969304931960135
2021-01-11 15:00:00+00:00,7.2889999999999997,-0.5648946410631982,9.0495881098587816,-1.195693468795584
2021-01-11 16:00:00+00:00,7.3810000000000002,-0.68414360919969441,9.0511064151032024,-0.98596280590350815
2021-01-11 17:00:00+00:00,6.4779999999999998,-1.6901629566843761,9.0526271080567433,-0.88446415137236656
2021-01-11 18:00:00+00:00,9.1790000000000003,-0.77929350537102371,9.0541526205716067,0.90414088479941768
2021-01-11 19:00:00+00:00,8.8439999999999994,-1.4402517603810598,9.0556856965804027,1.2285660638006561
2021-01-11 20:00:00+00:00,19.033999999999999,-2.3061282117068522,9.0572296201042626,12.282898591602589
2021-01-11 21:00:00+00:00,20.02,-0.13026209073216738,9.0587881434247972,11.091473947307369
2021-01-11 22:00:00+00:00,13.548999999999999,-0.19627960784120363,9.0603647731239594,4.6849148347172438
2021-01-11 23:00:00+00:00,18.228999999999999,-1.0992370880210947,9.0619627756464958,10.266274312374598
2021-01-12 00:00:00+00:00,17.25,-0.7865189135658911,9.0635850822136845,8.9729338313522078
2021-01-12 01:00:00+00:00,19.050999999999998,-0.9352195979479726,9.065234314790521,10.920985283157451
2021-01-12 02:00:00+00:00,18.356000000000002,-0.99152339550629864,9.0669133800836015,10.280610015422699
2021-01-12 03:00:00+00:00,16.84,-0.61825974842249842,9.0686260619040251,8.389633686518474
2021-01-12 04:00:00+00:00,17.895,-0.71480668834660344,9.0703767794533032,9.5394299088932986
2021-01-12 05:00:00+00:00,15.992000000000001,-0.26459789846305315,9.0721704603760536,7.184427438086999
2021-01-12 06:00:00+00:00,6.6879999999999997,-0.90846707892221235,9.0740125211950353,-1.4775454422728229
2021-01-12 07:00:00+00:00,6.5229999999999997,-0.099984392908714997,9.0759091037073123,-2.4529247107985972
2021-01-12 08:00:00+00:00,6.7430000000000003,0.53606558672241278,9.0778670555038286,-2.8709326422262409
2021-01-12 09:00:00+00:00,10.029,1.7864850970176935,9.07989380684797,-0.83737890386566427
2021-01-12 10:00:00+00:00,10.818,2.323941733722291,9.0819974634909499,-0.58793919721324173
2021-01-12 11:00:00+00:00,16.591000000000001,5.5845681334420707,9.0841868385767075,1.9222450279812229
2021-01-12 12:00:00+00:00,11.938000000000001,4.7214868721993293,9.0864709343770595,-1.8699578065763882
2021-01-12 13:00:00+00:00,6.1680000000000001,0.83396317606588311,9.0888584668648633,-3.7548216429307466
2021-01-12 14:00:00+00:00,6.9210000000000003,-1.5990236809004896,9.0913578122317116,-0.57133413133122168
2021-01-12 15:00:00+00:00,12.451000000000001,-0.48220954183196407,9.0939770321031794,3.8392325097287845
2021-01-12 16:00:00+00:00,10.303000000000001,-0.43211948916300746,9.0967238216587401,1.6383956675042679
2021-01-12 17:00:00+00:00,11.494999999999999,-1.6698838423500835,9.099605329654775,4.0652785126953077
2021-01-12 18:00:00+00:00,6.923,-0.85921614863441775,9.102628157325297,-1.3204120086908793
2021-01-12 19:00:00+00:00,6.2309999999999999,-1.3906579796530738,9.1057982311430017,-1.4841402514899276
2021-01-12 20:00:00+00:00,5.359,-2.1995401423701479,9.109120754015871,-1.5505806116457226
2021-01-12 21:00:00+00:00,7.3470000000000004,-0.082439053201431273,9.1126003864889125,-1.6831613332874804
2021-01-12 22:00:00+00:00,6.234,-0.027430733545474748,9.1162411752617967,-2.8548104417163218
2021-01-12 23:00:00+00:00,6.4900000000000002,-0.92762488291125778,9.1200466716019264,-1.7024217886906685
2021-01-13 00:00:00+00:00,6.016,-0.8158284183904182,9.1240200526363076,-2.2921916342458895
2021-01-13 01:00:00+00:00,5.8710000000000004,-0.88290678226276098,9.1281641095531061,-2.3742573272903442
2021-01-13 02:00:00+00:00,5.8440000000000003,-0.77214368824270452,9.1324815177112697,-2.516337829468565
2021-01-13 03:00:00+00:00,7.5190000000000001,-0.6502797665106006,9.1369744674481037,-0.96769470093750343
2021-01-13 04:00:00+00:00,6.3810000000000002,-0.74510180545871751,9.1416450568157401,-2.0155432513570224
2021-01-13 05:00:00+00:00,6.3079999999999998,-0.36798635078537273,9.1464955928649339,-2.4705092420795616
2021-01-13 06:00:00+00:00,7.2770000000000001,-0.81407932035699238,9.1515285919218297,-1.0604492715648366
2021-01-13 07:00:00+00:00,9.5229999999999997,-0.10563901475193688,9.1567465254978231,0.4718924892541132
2021-01-13 08:00:00+00:00,13.879,0.56772724926638374,9.1621517458594415,4.1491210048741749
2021-01-13 09:00:00+00:00,14.151,2.2051247421159403,9.167746743811275,2.7781285140727849
2021-01-13 10:00:00+00:00,12.888999999999999,2.5080996728025045,9.1735341031758626,1.2073662240216319
2021-01-13 11:00:00+00:00,11.523999999999999,3.9443582969912945,9.1795164003502485,-1.5998746973415443
2021-01-13 12:00:00+00:00,13.279,4.1851968887901592,9.185696123416589,-0.091893012206748281
2021-01-13 13:00:00+00:00,10.464,1.4077982127491995,9.1920757137397917,-0.13587392648899055
2021-01-13 14:00:00+00:00,8.2699999999999996,-1.6180841848806973,9.1986574190322106,0.68942676584848606
2021-01-13 15:00:00+00:00,11.800000000000001,-0.39913228562894021,9.2054434502488878,2.9936888353800537
2021-01-13 16:00:00+00:00,12.83,-0.27685912286160469,9.2124359900469681,3.8944231328146373
2021-01-13 17:00:00+00:00,10.308999999999999,-1.5894914618949061,9.2196375437937093,2.678853918101197
2021-01-13 18:00:00+00:00,10.583,-0.97917658888269932,9.2270509270835017,2.3351256617991982
2021-01-13 19:00:00+00:00,10.721,-1.3366773165832626,9.2346794322752395,2.8229978843080232
2021-01-13 20:00:00+00:00,12.297000000000001,-1.9621555860805109,9.2425266854122317,5.0166289006682803
2021-01-13 21:00:00+00:00,12.192,-0.065925638447209223,9.2505957753336876,3.0073298631135224
2021-01-13 22:00:00+00:00,10.297000000000001,0.033651421070036491,9.258889141021978,1.0044594379079861
2021-01-13 23:00:00+00:00,10.02,-0.75846475598556684,9.2674086195283838,1.5110561364571833
2021-01-14 00:00:00+00:00,11.791,-0.84230310009699427,9.27615557353929,3.3571475265577053
2021-01-14 01:00:00+00:00,11.241,-0.85894391221274813,9.2851311845380131,2.8148127276747346
2021-01-14 02:00:00+00:00,10.765000000000001,-0.5942141424580788,9.2943363761551208,2.0648777663029581
2021-01-14 03:00:00+00:00,10.183,-0.63465887404325727,9.3037719260635328,1.5138869479797243
2021-01-14 04:00:00+00:00,9.2550000000000008,-0.77929421732027904,9.3134386143501597,0.7208556029701203
2021-01-14 05:00:00+00:00,11.717000000000001,-0.58137890352567956,9.3233375101092033,2.9750413934164772
2021-01-14 06:00:00+00:00,12.358000000000001,-0.73324681426873528,9.3334700509507993,3.7577767633179366
2021-01-14 07:00:00+00:00,12.904999999999999,-0.17382461805579252,9.3438375615700267,3.7349870564857657
2021-01-14 08:00:00+00:00,10.242000000000001,0.51685685071517007,9.3544411398538259,0.37070200943100495
2021-01-14 09:00:00+00:00,8.7940000000000005,2.5363883971785617,9.3652820669169135,-3.1076704640954746
2021-01-14 10:00:00+00:00,14.669,2.6095755489414412,9.3763621085992899,2.6830623424592694
2021-01-14 11:00:00+00:00,13.672000000000001,2.5937840941024244,9.3876841437967649,1.6905317621008109
2021-01-14 12:00:00+00:00,14.73,3.4771625415351548,9.399252456783378,1.8535850016814681
2021-01-14 13:00:00+00:00,15.452999999999999,2.0801023391539326,9.4110723091926207,3.961825351653447
2021-01-14 14:00:00+00:00,10.576000000000001,-1.5518479091371735,9.4231499396983978,2.7046979694387758
2021-01-14 15:00:00+00:00,10.949,-0.28022683362489498,9.4354925359182555,1.7937342977066386
2021-01-14 16:00:00+00:00,11.625999999999999,-0.17790188508298499,9.4481079847907008,2.3557939002922836
2021-01-14 17:00:00+00:00,9.3239999999999998,-1.4140601966696733,9.4610047414984155,1.2770554551712578
2021-01-14 18:00:00+00:00,11.444000000000001,-0.9961338450222772,9.4741917825469137,2.9659420624753636
2021-01-14 19:00:00+00:00,10.098000000000001,-1.2456480406742358,9.4876786706503111,1.8559693700239261
2021-01-14 20:00:00+00:00,8.9009999999999998,-1.633914839553344,9.5014753062802271,1.0334395332731177
2021-01-14 21:00:00+00:00,11.182,-0.12459887794605029,9.5155907611421711,1.7910081168038801
2021-01-14 22:00:00+00:00,13.112,-0.059131282033979438,9.530033729175253,3.6410975528587262
2021-01-14 23:00:00+00:00,12.914999999999999,-0.59656770734043418,9.5448119656392301,3.9667557417012027
2021-01-15 00:00:00+00:00,9.4809999999999999,-0.93267812131034045,9.5599320734710211,0.85374604783931929
2021-01-15 01:00:00+00:00,11.319000000000001,-0.89433234677578166,9.5753996647351265,2.6379326820406561
2021-01-15 02:00:00+00:00,11.944000000000001,-0.51605322135921428,9.5912205413437306,2.8688326800154851
2021-01-15 03:00:00+00:00,9.3789999999999996,-0.63283689906336493,9.6074013665892561,0.40443553247410868
2021-01-15 04:00:00+00:00,8.8719999999999999,-0.83107143749988033,9.6239494645584873,0.079121972941392116
2021-01-15 05:00:00+00:00,8.5559999999999992,-0.88256440551010018,9.6408725438625158,-0.20230813835241612
2021-01-15 06:00:00+00:00,9.6760000000000002,-0.64329087278769137,9.6581788420648742,0.66111203072281732
2021-01-15 07:00:00+00:00,10.221,-0.24358181386041844,9.6758773261405135,0.78870448771990453
2021-01-15 08:00:00+00:00,9.3360000000000003,0.39803424396490383,9.6939776623402381,-0.75601190630514203
2021-01-15 09:00:00+00:00,13.002000000000001,2.7236909276778731,9.7124904348074406,0.56581863751468653
2021-01-15 10:00:00+00:00,28.594000000000001,2.6803609035460676,9.7314271726193002,16.182211923834636
2021-01-15 11:00:00+00:00,29.992999999999999,1.6660941965673395,9.750800176545809,18.57610562688685
2021-01-15 12:00:00+00:00,20.645,2.8251555013296201,9.7706223536505821,8.0492221450197956
2021-01-15 13:00:00+00:00,11.989000000000001,2.6457914855098577,9.7909072915899227,-0.44769877709977912
2021-01-15 14:00:00+00:00,7.016,-1.2022704530486055,9.8116690932477653,-1.59339864019916
2021-01-15 15:00:00+00:00,6.1790000000000003,-0.098906748211787132,9.8329224542205331,-3.5550157060087457
2021-01-15 16:00:00+00:00,7.0069999999999997,-0.060383732494013298,9.8546827307670846,-2.7872989982730711
2021-01-15 17:00:00+00:00,4.7770000000000001,-1.2309153597431219,9.8769658444174588,-3.8690504846743368
2021-01-15 18:00:00+00:00,6.2590000000000003,-0.82574077271654023,9.899788136475232,-2.8150473637586915
2021-01-15 19:00:00+00:00,7.0270000000000001,-1.0519217498458735,9.9231659194021749,-1.8442441695563012
2021-01-15 20:00:00+00:00,5.1799999999999997,-1.3939430630457503,9.9471135513223654,-3.3731704882766156
2021-01-15 21:00:00+00:00,6.8159999999999998,-0.27034912239494324,9.9716430615375042,-2.8852939391425609
2021-01-15 22:00:00+00:00,6.6029999999999998,-0.16074356178364213,9.9967645295080629,-3.2330209677244213
2021-01-15 23:00:00+00:00,7.1340000000000003,-0.34562236551429959,10.022486244317456,-2.5428638788031561
2021-01-16 00:00:00+00:00,5.7469999999999999,-0.99485306581986688,10.048814679380598,-3.3069616135607314
2021-01-16 01:00:00+00:00,6.5700000000000003,-0.99051395475106774,10.075754724345373,-2.5152407695943051
2021-01-16 02:00:00+00:00,7.7519999999999998,-0.5855973200883724,10.103310428977583,-1.7657131088892104
2021-01-16 03:00:00+00:00,6.7569999999999997,-0.6865563060454376,10.131486660039496,-2.6879303539940587
2021-01-16 04:00:00+00:00,7.8150000000000004,-0.81448287458837787,10.16028993029105,-1.5308070557026721
2021-01-16 05:00:00+00:00,5.4050000000000002,-1.1379532177796665,10.189728152174183,-3.6467749343945162
2021-01-16 06:00:00+00:00,7.0439999999999996,-0.50049861209349422,10.219810274500992,-2.6753116624074975
2021-01-16 07:00:00+00:00,6.7240000000000002,-0.25447214677534458,10.250546262354943,-3.2720741155795983
2021-01-16 08:00:00+00:00,6.7400000000000002,0.28412405114904282,10.281947228358925,-3.8260712795079677
2021-01-16 09:00:00+00:00,17.198,2.8799242044212225,10.314025411384,4.0040503841947785
2021-01-16 10:00:00+00:00,39.213999999999999,2.678737716418802,10.346793895225149,26.18846838835605
2021-01-16 11:00:00+00:00,55.534999999999997,0.89990678565391202,10.38026626299297,44.254826951353117
2021-01-16 12:00:00+00:00,36.679000000000002,2.3800823921192933,10.414456600218934,23.884461007661777
2021-01-16 13:00:00+00:00,13.849,2.9832573651729213,10.449379461861453,0.4163631729656263
2021-01-16 14:00:00+00:00,5.7080000000000002,-0.61948361757580406,10.485049724267576,-4.1575661066917711
2021-01-16 15:00:00+00:00,6.9459999999999997,0.015299798629511585,10.521482405551474,-3.5907822041809858
2021-01-16 16:00:00+00:00,7.1189999999999998,-0.036886446222956337,10.558692672943867,-3.4028062267209105
2021-01-16 17:00:00+00:00,5.5279999999999996,-1.1447848406465055,10.596695800328281,-3.9239109596817752
2021-01-16 18:00:00+00:00,6.5730000000000004,-0.66142244905793079,10.635507168996924,-3.4010847199389929
2021-01-16 19:00:00+00:00,5.8929999999999998,-0.9038412937660667,10.675142191735535,-3.8783008979694689
2021-01-16 20:00:00+00:00,7.3239999999999998,-1.3661235992049101,10.715615066319117,-2.0254914671142075
2021-01-16 21:00:00+00:00,6.4390000000000001,-0.36294232889251332,10.756937191859148,-3.9549948629666343
2021-01-16 22:00:00+00:00,8.8350000000000009,-0.21451215522306,10.799117052919817,-1.7496048976967558
2021-01-16 23:00:00+00:00,6.4640000000000004,-0.017210093288641204,10.842160514114946,-4.3609504208263044
2021-01-17 00:00:00+00:00,7.0419999999999998,-0.89539568578707529,10.886071054168189,-2.9486753683811138
2021-01-17 01:00:00+00:00,6.6029999999999998,-1.0927889966874695,10.930850178126756,-3.2350611814392867
2021-01-17 02:00:00+00:00,7.0869999999999997,-0.7022883259105579,10.976497856400039,-3.187209530489481
2021-01-17 03:00:00+00:00,6.8049999999999997,-0.71303205215914778,11.023014882914833,-3.5049828307556847
2021-01-17 04:00:00+00:00,7.3789999999999996,-0.72599359420470977,11.070403513283866,-2.965409919079157
2021-01-17 05:00:00+00:00,5.6100000000000003,-1.2550101572451751,11.118667325723985,-4.25365716847881
2021-01-17 06:00:00+00:00,8.2669999999999995,-0.39967937886973059,11.167810966298534,-2.5011315874288034
2021-01-17 07:00:00+00:00,7.4539999999999997,-0.2155786787273386,11.217839831209961,-3.5482611524826222
2021-01-17 08:00:00+00:00,9.8360000000000003,0.21664357806582091,11.268759684451938,-1.6494032625177582
2021-01-17 09:00:00+00:00,7.7560000000000002,3.0786415755941388,11.320576651873395,-6.6432182274675338
2021-01-17 10:00:00+00:00,6.5199999999999996,2.5282346764848218,11.373297588920554,-7.3815322654053759
2021-01-17 11:00:00+00:00,6.4020000000000001,0.15194612286687148,11.426929903299008,-5.1768760261658802
2021-01-17 12:00:00+00:00,7.6710000000000003,2.0223540594823204,11.481481460457047,-5.8328355199393673
2021-01-17 13:00:00+00:00,13.4,3.2133862308697094,11.536960618660205,-1.3503468495299131
2021-01-17 14:00:00+00:00,5.8810000000000002,0.041716779402772186,11.593376292798862,-5.7540930722016341
2021-01-17 15:00:00+00:00,7.375,0.026815063411293583,11.650737853664864,-4.3025529170761576
2021-01-17 16:00:00+00:00,6.3259999999999996,-0.19506897143818769,11.70905505729792,-5.1879860858597331
2021-01-17 17:00:00+00:00,7.1769999999999996,-1.1562857086559113,11.768338177888532,-3.4350524692326214
2021-01-17 18:00:00+00:00,5.9829999999999997,-0.61708883247555679,11.82859769122928,-5.2285088587537238
2021-01-17 19:00:00+00:00,6.9039999999999999,-0.95312516719071105,11.889843685260876,-4.0327185180701655
2021-01-17 20:00:00+00:00,7.2770000000000001,-1.542045379542865,11.952085143119849,-3.1330397635769831
2021-01-17 21:00:00+00:00,7.9199999999999999,-0.42458991707287774,12.015328866813272,-3.6707389497403948
2021-01-17 22:00:00+00:00,7.4290000000000003,-0.24813103628267807,12.079579484550381,-4.4024484482677027
2021-01-17 23:00:00+00:00,7.1239999999999997,0.32020872823172564,12.144839701131247,-5.3410484293629725
2021-01-18 00:00:00+00:00,7.3490000000000002,-0.56683329398055049,12.21111051682673,-4.2952772228461793
2021-01-18 01:00:00+00:00,7.4630000000000001,-1.0488141428434044,12.278390739346477,-3.7665765965030733
2021-01-18 02:00:00+00:00,6.9950000000000001,-0.71150580907260608,12.346677426524476,-4.6401716174518697
2021-01-18 03:00:00+00:00,8.1370000000000005,-0.56897638308825949,12.415967843905502,-3.7099914608172426
2021-01-18 04:00:00+00:00,7.7999999999999998,-0.55459887194977986,12.486259666822621,-4.1316607948728414
2021-01-18 05:00:00+00:00,8.6539999999999999,-1.1925279654602088,12.557551019935168,-2.7110230544749605
2021-01-18 06:00:00+00:00,8.8079999999999998,-0.41116664091226385,12.629840874525545,-3.4106742336132818
2021-01-18 07:00:00+00:00,7.593,-0.2713885539420513,12.703128767762164,-4.8387402138201132
2021-01-18 08:00:00+00:00,9.0380000000000003,0.2510791169062605,12.777414775893465,-3.9904938927997264
2021-01-18 09:00:00+00:00,10.183,3.2942698549814731,12.852699151252809,-5.9639690062342821
2021-01-18 10:00:00+00:00,15.888,2.2612066348425568,12.928981853666347,0.69781151149109633
2021-01-18 11:00:00+00:00,8.8900000000000006,-0.41016294011648702,13.006262573288964,-3.7060996331724763
2021-01-18 12:00:00+00:00,9.6110000000000007,1.5689127216154251,13.084540961398037,-5.042453683013461
2021-01-18 13:00:00+00:00,10.128,3.4122059300277954,13.163816875761102,-6.4480228057888969
2021-01-18 14:00:00+00:00,8.1340000000000003,0.7561338045775341,13.244090233203123,-5.8662240377806558
2021-01-18 15:00:00+00:00,7.5010000000000003,0.12981213992558516,13.325360877113308,-5.9541730170388929
2021-01-18 16:00:00+00:00,8.3409999999999993,-0.3994745183786268,13.407628984092138,-4.6671544657135122
2021-01-18 17:00:00+00:00,8.8109999999999999,-1.1643158729476975,13.490895236462881,-3.5155793635151849
2021-01-18 18:00:00+00:00,10.574999999999999,-0.77089153902418595,13.575160958212791,-2.229269419188606
2021-01-18 19:00:00+00:00,8.8320000000000007,-1.2880493273503335,13.660427788447359,-3.5403784610970259
2021-01-18 20:00:00+00:00,8.766,-1.9060839788227377,13.746698077963995,-3.0746140991412574
2021-01-18 21:00:00+00:00,9.141,-0.50152972099526005,13.833974414103865,-4.1914446931086058
2021-01-18 22:00:00+00:00,8.0359999999999996,-0.3548898388764874,13.922257610170126,-5.53136777129364
2021-01-18 23:00:00+00:00,9.0039999999999996,0.49974919282851804,14.011546716206196,-5.5072959090347151
2021-01-19 00:00:00+00:00,6.79,-0.28468922796747886,14.101839425342257,-7.0271501973747785
2021-01-19 01:00:00+00:00,6.9290000000000003,-0.99266215986355277,14.193132442530887,-6.2714702826673339
2021-01-19 02:00:00+00:00,9.1760000000000002,-0.74943499430264549,14.285422667404857,-4.3599876731022125
2021-01-19 03:00:00+00:00,10.999000000000001,-0.39363005876503809,14.378707768135119,-2.986077709370079
2021-01-19 04:00:00+00:00,11.273999999999999,-0.40400923892115959,14.4729865660233,-2.7949773271021403
2021-01-19 05:00:00+00:00,9.7850000000000001,-1.0892809737816558,14.568259100145751,-3.6939781263640956
2021-01-19 06:00:00+00:00,11.204000000000001,-0.54377937073650795,14.664526666033691,-2.9167472952971814
2021-01-19 07:00:00+00:00,11.978,-0.40354174065107529,14.761791874969953,-2.380250134318878
2021-01-19 08:00:00+00:00,12.988,0.41596098489330569,14.860058622147349,-2.2880196070406562
2021-01-19 09:00:00+00:00,15.801,3.4906202416567087,14.959331817420969,-2.6489520590776774
2021-01-19 10:00:00+00:00,11.683,2.055505868059043,15.059617542207086,-5.4321234102661293
2021-01-19 11:00:00+00:00,11.646000000000001,-0.50084571333771954,15.160922859368197,-3.0140771460304769
2021-01-19 12:00:00+00:00,11.596,1.2487531471670503,15.263254841087647,-4.9160079882546981
2021-01-19 13:00:00+00:00,13.391,3.7424912212712407,15.366620563195299,-5.7181117844665401
2021-01-19 14:00:00+00:00,16.568999999999999,1.7100967107746112,15.471027849202391,-0.6121245599770031
2021-01-19 15:00:00+00:00,17.335999999999999,0.3719929627209746,15.576484663463939,1.3875223738150861
2021-01-19 16:00:00+00:00,16.989999999999998,-0.55891353692247758,15.682998688423973,1.8659148484985035
2021-01-19 17:00:00+00:00,13.904,-1.2130611073223685,15.790576845176306,-0.67351573785393803
2021-01-19 18:00:00+00:00,13.752000000000001,-1.0856422681123012,15.899225484856203,-1.0615832167439017
2021-01-19 19:00:00+00:00,15.984999999999999,-1.8301320235769412,16.008950402701185,1.8061816208757548
2021-01-19 20:00:00+00:00,13.704000000000001,-2.3146275338835487,16.119757110781777,-0.10112957689822721
2021-01-19 21:00:00+00:00,14.6,-0.57937393329983777,16.231650793637662,-1.052276860337825
2021-01-19 22:00:00+00:00,14.785,-0.55305915099819547,16.344635101280822,-1.0065759502826275
2021-01-19 23:00:00+00:00,17.559999999999999,0.50047246001769796,16.458713341359818,0.60081419862248353
2021-01-20 00:00:00+00:00,15.318,-0.14824314080848922,16.573888732119432,-1.1076455913109431
2021-01-20 01:00:00+00:00,13.041,-1.0091255413126889,16.690164453101257,-2.6400389117885688
2021-01-20 02:00:00+00:00,13.045999999999999,-0.872875405045483,16.807543274990994,-2.8886678699455111
2021-01-20 03:00:00+00:00,13.646000000000001,-0.35732469982636328,16.926027801379838,-2.9227031015534735
2021-01-20 04:00:00+00:00,14.137,-0.48122820417618151,17.045620152629446,-2.4273919484532644
2021-01-20 05:00:00+00:00,12.811,-1.0706830359223343,17.166321936384911,-3.2846389004625767
2021-01-20 06:00:00+00:00,12.460000000000001,-0.82337051927135452,17.288134683219177,-4.0047641639478222
2021-01-20 07:00:00+00:00,12.949999999999999,-0.61223385547347231,17.411060166173918,-3.8488263107004457
2021-01-20 08:00:00+00:00,12.244999999999999,0.06857994575133386,17.53510025751596,-5.3586802032672942
2021-01-20 09:00:00+00:00,15.637,4.0792950372604579,17.660256668383944,-6.1025517056444016
2021-01-20 10:00:00+00:00,12.898,1.9110192205743539,17.786530693748965,-6.7995499143233182
2021-01-20 11:00:00+00:00,11.776,0.18171138754373128,17.913923281022448,-6.3196346685661808
2021-01-20 12:00:00+00:00,14.156000000000001,2.0981782152186748,18.042435100549792,-5.9846133157684669
2021-01-20 13:00:00+00:00,15.34,4.3678218903851667,18.172066354956851,-7.1998882453420165
2021-01-20 14:00:00+00:00,17.722999999999999,2.8051854622708525,18.302816713615933,-3.3850021758867861
2021-01-20 15:00:00+00:00,14.451000000000001,0.26879660796760696,18.434685505834512,-4.2524821138021185
2021-01-20 16:00:00+00:00,12.430999999999999,-0.90953466422073337,18.567671356406418,-5.2271366921856846
2021-01-20 17:00:00+00:00,14.651,-1.614667850065957,18.701772083522361,-2.4361042334564047
2021-01-20 18:00:00+00:00,14.387,-1.7108899197753829,18.836984910895911,-2.7390949911205276
2021-01-20 19:00:00+00:00,12.103,-2.6747328288361558,18.973306672696559,-4.1955738438604033
2021-01-20 20:00:00+00:00,10.454000000000001,-3.1236657509844088,19.110733719691144,-5.5330679687067352
2021-01-20 21:00:00+00:00,14.180999999999999,-1.0718814504906158,19.249261520932127,-3.9963800704415107
2021-01-20 22:00:00+00:00,14.154999999999999,-1.1347130675277901,19.388883743382571,-4.0991706758547828
2021-01-20 23:00:00+00:00,15.954000000000001,0.12466090538047236,19.529592400147141,-3.7002533055276139
2021-01-21 00:00:00+00:00,14.56,-0.44030792360390958,19.67137815184963,-4.6710702282457213
2021-01-21 01:00:00+00:00,13.442,-1.3584218844186777,19.814230797510362,-5.0138089130916832
2021-01-21 02:00:00+00:00,12.743,-1.3455873158316916,19.958140219014606,-5.8695529031829139
2021-01-21 03:00:00+00:00,13.622999999999999,-0.81892383705764171,20.103096624684927,-5.6611727876272866
2021-01-21 04:00:00+00:00,12.475,-1.1557474652172601,20.249090801469134,-6.6183433362518738
2021-01-21 05:00:00+00:00,14.944000000000001,-1.5790681088823488,20.396114156974392,-3.8730460480920428
2021-01-21 06:00:00+00:00,14.571,-1.6237229294597304,20.544158630212831,-4.3494357007531015
2021-01-21 07:00:00+00:00,16.413,-1.4657273063601197,20.69321657070817,-2.814489264348051
2021-01-21 08:00:00+00:00,15.901,-1.3009018332132092,20.843280551776644,-3.6413787185634341
2021-01-21 09:00:00+00:00,17.251999999999999,16.561315622830975,20.994343467311829,-20.303659090142805
2021-01-21 10:00:00+00:00,10.84,1.3410201118720808,21.146398496495152,-11.647418608367232
2021-01-21 11:00:00+00:00,11.901999999999999,0.19805861496967392,21.299439107008265,-9.5954977219779387
2021-01-21 12:00:00+00:00,17.356999999999999,3.2459310181990837,21.453458695746345,-7.3423897139454297
2021-01-21 13:00:00+00:00,20.838999999999999,5.036026202723483,21.608450582275463,-5.8054767849989481
2021-01-21 14:00:00+00:00,14.984,2.3538230716518997,21.764408068038591,-9.1342311396904918
2021-01-21 15:00:00+00:00,14.85,-1.4841655686358948,21.921324447355133,-5.5871588787192366
2021-01-21 16:00:00+00:00,12.446,-2.8573320783443039,22.079193036577212,-6.7758609582329079
2021-01-21 17:00:00+00:00,13.452999999999999,-3.8748070972367374,22.238006978107393,-4.9101998808706568
2021-01-21 18:00:00+00:00,14.161,-4.3025940259541633,22.397759191392218,-3.9341651654380563
2021-01-21 19:00:00+00:00,10.949999999999999,-5.6477674713509769,22.558442552985788,-5.9606750816348111
2021-01-21 20:00:00+00:00,10.068,-6.3125556110736252,22.720049588509426,-6.3394939774358008
2021-01-21 21:00:00+00:00,14.074999999999999,-4.2595021341948218,22.882571955737887,-4.5480698215430664
2021-01-21 22:00:00+00:00,13.433999999999999,-4.5061488854293952,23.046001031623771,-5.1058521461943762
2021-01-21 23:00:00+00:00,17.539999999999999,-3.3859781070752213,23.210327243540192,-2.2843491364649715
2021-01-22 00:00:00+00:00,19.832999999999998,-3.9839578218021661,23.375539806630442,0.44141801517172041
2021-01-22 01:00:00+00:00,17.263000000000002,-5.041581389318095,23.541626483229624,-1.2370450939115294
2021-01-22 02:00:00+00:00,17.274999999999999,-5.3467282906267091,23.708574367159628,-1.0868460765329218
2021-01-22 03:00:00+00:00,17.603000000000002,-5.1374429301047293,23.876371024480427,-1.1359280943756964
2021-01-22 04:00:00+00:00,16.245000000000001,-5.8184126832488703,24.045004541957695,-1.9815918587088248
2021-01-22 05:00:00+00:00,15.521000000000001,-6.2990015928141609,24.214463539928765,-2.3944619471146034
2021-01-22 06:00:00+00:00,15.784000000000001,-6.6138038468945144,24.384737285696858,-1.9869334388023425
2021-01-22 07:00:00+00:00,15.239000000000001,-6.893101654963159,24.555815617466017,-2.423713962502859
2021-01-22 08:00:00+00:00,17.189,-6.7740849062651156,24.727688936103398,-0.76460402983828146
2021-01-22 09:00:00+00:00,21.524999999999999,24.453362373148551,24.90034813624051,-27.828710509389062
2021-01-22 10:00:00+00:00,17.623000000000001,-3.2474228369722464,25.073784584221393,-4.2033617472491471
2021-01-22 11:00:00+00:00,27.797999999999998,63.878643964625681,25.247990152589171,-61.328634117214847
2021-01-22 12:00:00+00:00,27.634,45.7800834085688,25.422957360637156,-43.569040769205955
2021-01-22 13:00:00+00:00,24.651,22.344788110650949,25.598679316962375,-23.292467427613325
2021-01-22 14:00:00+00:00,19.731000000000002,-2.8093381254577219,25.775149591556882,-3.2348114660991598
2021-01-22 15:00:00+00:00,16.638999999999999,-7.7956674699685538,25.952362112991004,-1.5176946430224518
2021-01-22 16:00:00+00:00,16.134,-9.0854682179156221,26.130311380229191,-0.91084316231356866
2021-01-22 17:00:00+00:00,13.051,-10.220926244416827,26.308992609564655,-3.0370663651478296
2021-01-22 18:00:00+00:00,12.234999999999999,-10.749082938966318,26.488401595104001,-3.5043186561376842
2021-01-22 19:00:00+00:00,12.847,-12.177663408478107,26.668534733740575,-1.6438713252624702
2021-01-22 20:00:00+00:00,11.922000000000001,-12.705057041293578,26.84938898540317,-2.222331944109591
2021-01-22 21:00:00+00:00,16.361000000000001,-10.633388019030079,27.030961549631222,-0.036573530601142323
2021-01-22 22:00:00+00:00,16.952999999999999,-10.759644117192325,27.213249539561858,0.49939457763046846
2021-01-22 23:00:00+00:00,17.681000000000001,-9.7902743549695987,27.39625002228771,0.075024332681891792
2021-01-23 00:00:00+00:00,16.846,-10.020501733165837,27.579960087010779,-0.71345835384494194
2021-01-23 01:00:00+00:00,17.649000000000001,-10.807967117006426,27.764376897706512,0.69259021929991604
2021-01-23 02:00:00+00:00,16.981000000000002,-11.11093506399974,27.949496622410336,0.14243844158940533
2021-01-23 03:00:00+00:00,18.145,-10.943316622538811,28.135313934437974,0.95300268810083821
2021-01-23 04:00:00+00:00,19.135999999999999,-11.636213990265343,28.321823000782217,2.4503909894831253
2021-01-23 05:00:00+00:00,17.602,-11.996795277920418,28.509018358086298,1.0897769198341187
2021-01-23 06:00:00+00:00,16.143999999999998,-12.143361541937601,28.696894871902749,-0.40953332996515002
2021-01-23 07:00:00+00:00,16.004999999999999,-12.903127849354753,28.885447425480727,0.022680423874025024
2021-01-23 08:00:00+00:00,42.258000000000003,-11.818476597756291,29.07467107126098,25.001805526495318
2021-01-23 09:00:00+00:00,243.40700000000001,29.14938728709269,29.264560923106515,184.9930517898008
2021-01-23 10:00:00+00:00,484.28699999999998,-6.3139210809055175,29.455112300106929,461.14580878079857
2021-01-23 11:00:00+00:00,625.25099999999998,109.46401630715795,29.646320812923946,486.14066287991807
2021-01-23 12:00:00+00:00,480.63499999999999,84.09997594630093,29.838182189023332,366.69684186467578
2021-01-23 13:00:00+00:00,241.40700000000001,39.585273308996769,30.030692376038623,171.79103431496463
2021-01-23 14:00:00+00:00,59.250999999999998,-6.3346142026351817,30.223847536535729,35.361766666099456
2021-01-23 15:00:00+00:00,22.302,-13.941428877646789,30.417644148342507,5.825784729304285
2021-01-23 16:00:00+00:00,17.446999999999999,-15.096787073286105,30.612078885699532,1.9317081875865725
2021-01-23 17:00:00+00:00,15.567,-16.316250587361491,30.807148712650104,1.0761018747113873
2021-01-23 18:00:00+00:00,13.564,-16.961211283918974,31.00285109979869,-0.47763981587971571
2021-01-23 19:00:00+00:00,11.603,-18.478622460101349,31.19918399167199,-1.1175615315706402
2021-01-23 20:00:00+00:00,16.187000000000001,-18.890296600389938,31.39614586888959,3.6811507315003524
2021-01-23 21:00:00+00:00,17.686,-17.076101100725385,31.59373535624535,3.1683657444800382
2021-01-23 22:00:00+00:00,17.353000000000002,-17.231782998236397,31.791950650960601,2.7928323472757981
2021-01-23 23:00:00+00:00,15.44,-16.581745959080337,31.990789556359235,0.030956402721098897
2021-01-24 00:00:00+00:00,15.393000000000001,-16.656757426519285,32.190250250287868,-0.1404928237685823
2021-01-24 01:00:00+00:00,15.542,-17.208523908594,32.390331722596841,0.36019218599715686
2021-01-24 02:00:00+00:00,16.280000000000001,-17.482821414417881,32.59103215409133,1.1717892603265554
2021-01-24 03:00:00+00:00,14.817,-17.333433475290157,32.792348290028563,-0.64191481473840639
2021-01-24 04:00:00+00:00,14.726000000000001,-18.089694404570398,32.994275722378894,-0.17858131780849362
2021-01-24 05:00:00+00:00,14.138,-18.485756229519204,33.196810386014214,-0.57305415649501157
2021-01-24 06:00:00+00:00,14.298,-18.380923220404881,33.399948238784077,-0.72102501837919419
2021-01-24 07:00:00+00:00,15.874000000000001,-19.646478604814995,33.603685224686835,1.916793380128162
2021-01-24 08:00:00+00:00,12.714,-17.212884011920035,33.808017277024618,-3.8811332651045802
2021-01-24 09:00:00+00:00,13.375999999999999,34.024007693155461,34.012940229371473,-54.660947922526937
2021-01-24 10:00:00+00:00,20.719000000000001,46.483384471002296,34.231958394675225,-59.996342865677519
2021-01-24 11:00:00+00:00,30.474,138.96264817878804,34.451510204708363,-142.9401583834964
2021-01-24 12:00:00+00:00,30.074999999999999,109.64602843457071,34.671582758464545,-114.24261119303526
2021-01-24 13:00:00+00:00,20.663,51.190290234476784,34.892155328057967,-65.419445562534747
2021-01-24 14:00:00+00:00,14.474,-9.7747291619669152,35.113201836262846,-10.864472674295932
2021-01-24 15:00:00+00:00,13.129,-20.707575143949533,35.334692851030695,-1.498117707081164
2021-01-24 16:00:00+00:00,13.369999999999999,-21.694895695454388,35.556597180943399,-0.49170148548900983
2021-01-24 17:00:00+00:00,13.09,-22.826118668040095,35.778883089912171,0.13723557812792819
2021-01-24 18:00:00+00:00,13.086,-23.455192298954763,36.001519185452082,0.53967311350267977
2021-01-24 19:00:00+00:00,11.962999999999999,-24.962478022428183,36.224475064484402,0.70100295794377843
2021-01-24 20:00:00+00:00,10.805,-25.231001919500489,36.447721767042715,-0.41171984754222279
2021-01-24 21:00:00+00:00,11.768000000000001,-23.659123456636369,36.671232081412477,-1.2441086247761106
2021-01-24 22:00:00+00:00,12.528,-23.802465274270414,36.894980745476254,-0.56451547120583712
2021-01-24 23:00:00+00:00,13.254,-23.294312606259894,37.118944541022593,-0.57063193476270158
2021-01-25 00:00:00+00:00,13.792999999999999,-23.344276729167532,37.343102288131007,-0.20582555896347543
2021-01-25 01:00:00+00:00,14.800000000000001,-23.681206800346228,37.567434791108099,0.91377200923813007
2021-01-25 02:00:00+00:00,14.644,-23.851443132945938,37.791924741213407,0.70351839173252984
2021-01-25 03:00:00+00:00,15.723000000000001,-23.637216578154145,38.016556587682928,1.3436599904712168
2021-01-25 04:00:00+00:00,13.220000000000001,-24.365757949955015,38.241316411701312,-0.65555846174629551
2021-01-25 05:00:00+00:00,14.898999999999999,-24.78804419011994,38.466191796045983,1.2208523940739582
2021-01-25 06:00:00+00:00,14.385,-24.405291164917816,38.691171715845883,0.099119449071935151
2021-01-25 07:00:00+00:00,10.359,-25.90777647225233,38.916246391197816,-2.6494699189454849
2021-01-25 08:00:00+00:00,12.218,-22.012601402448311,39.141407183072722,-4.9108057806244076
2021-01-25 09:00:00+00:00,17.177,44.608200945377966,39.366646521851045,-66.797847467229019
2021-01-25 10:00:00+00:00,32.987000000000002,73.877234305226295,39.591957806652623,-80.482192111878916
2021-01-25 11:00:00+00:00,73.620999999999995,170.98219651872563,39.817335249448753,-137.17853176817439
2021-01-25 12:00:00+00:00,96.469999999999999,137.42492496914576,40.042773768451845,-80.997698737597602
2021-01-25 13:00:00+00:00,48.537999999999997,64.620304667495176,40.26826890464401,-56.35057357213919
2021-01-25 14:00:00+00:00,12.305999999999999,-12.234929113979279,40.493816746770712,-15.952887632791434
2021-01-25 15:00:00+00:00,12.486000000000001,-27.022359179336053,40.719413864307278,-1.2110546849712236
2021-01-25 16:00:00+00:00,11.097,-27.959983753230748,40.945057251795141,-1.8880734985643954
2021-01-25 17:00:00+00:00,11.302,-28.903590242438817,41.170744293453147,-0.96515405101433061
2021-01-25 18:00:00+00:00,11.496,-29.453084338367553,41.396472724166635,-0.44738838579907991
2021-01-25 19:00:00+00:00,8.2530000000000001,-30.949479644399233,41.622240575905266,-2.4197609315060333
2021-01-25 20:00:00+00:00,8.2710000000000008,-31.278390254285316,41.848046137242122,-2.2986558829568082
2021-01-25 21:00:00+00:00,9.5050000000000008,-29.980966003279676,42.073887941254434,-2.5879219379747553
2021-01-25 22:00:00+00:00,9.0310000000000006,-30.154947049089213,42.299764740456041,-3.1138176913668261
2021-01-25 23:00:00+00:00,8.8460000000000001,-29.709003162005775,42.525675483664116,-3.9706723216583413
2021-01-26 00:00:00+00:00,9.7780000000000005,-29.965544249005017,42.75161929894081,-3.0080750499357904
2021-01-26 01:00:00+00:00,9.6219999999999999,-30.241659011102904,42.977595477586235,-3.1139364664833309
2021-01-26 02:00:00+00:00,9.548,-30.442830591574996,43.203603450046664,-3.2127728584716664
2021-01-26 03:00:00+00:00,9.5190000000000001,-30.249638170071897,43.429642768925305,-3.6610045988534097
2021-01-26 04:00:00+00:00,11.069000000000001,-30.910946423911309,43.655713096406018,-1.67576667249471
2021-01-26 05:00:00+00:00,11.119,-31.290727353765522,43.881814190769411,-1.4720868370038929
2021-01-26 06:00:00+00:00,13.045999999999999,-30.899500757676527,44.107945879666275,-0.16244512198974803
2021-01-26 07:00:00+00:00,9.7870000000000008,-32.299589990014077,44.334108042475222,-2.247518052461146
2021-01-26 08:00:00+00:00,19.295000000000002,-26.882845515464616,44.560300595126584,1.6175449203380339
2021-01-26 09:00:00+00:00,95.263999999999996,50.108373201114617,44.786523492325905,0.36910330655947376
2021-01-26 10:00:00+00:00,253.96299999999999,98.794553578085456,45.012776693601005,110.15566972831354
2021-01-26 11:00:00+00:00,364.31200000000001,211.02083851868656,45.239060164886098,108.05210131642735
2021-01-26 12:00:00+00:00,339.09100000000001,170.18794383526389,45.465373883066576,123.43768228166954
2021-01-26 13:00:00+00:00,184.06100000000001,79.714244491930799,45.691717834767026,58.655037673302182
2021-01-26 14:00:00+00:00,28.376000000000001,-13.261101226983614,45.918092014599331,-4.2809907876157141
2021-01-26 15:00:00+00:00,11.247999999999999,-33.880567192009899,46.144496431913446,-1.0159292399035493
2021-01-26 16:00:00+00:00,11.858000000000001,-34.787729236656951,46.370931135659092,0.27479810099785595
2021-01-26 17:00:00+00:00,9.3079999999999998,-35.508075443192332,46.597396193981197,-1.7813207507888649
2021-01-26 18:00:00+00:00,8.6530000000000005,-35.793027220163914,46.823891680144868,-2.3778644599809553
2021-01-26 19:00:00+00:00,8.532,-37.249238085039856,47.050417688302552,-1.2691796032626925
2021-01-26 20:00:00+00:00,8.5809999999999995,-37.732324269013809,47.276974338950978,-0.96365006993717373
2021-01-26 21:00:00+00:00,8.2040000000000006,-36.494857411070647,47.503561769183634,-2.8047043581129856
2021-01-26 22:00:00+00:00,8.5079999999999991,-36.663552998086367,47.730180130605817,-2.5586271325194474
2021-01-26 23:00:00+00:00,8.7119999999999997,-36.218093436640913,47.956829601452199,-3.0267361648112825
2021-01-27 00:00:00+00:00,9.1639999999999997,-36.644584536401737,48.183510387768166,-2.3749258513664273
2021-01-27 01:00:00+00:00,9.3810000000000002,-36.794000698055378,48.410222723514366,-2.2352220254589881
2021-01-27 02:00:00+00:00,9.3810000000000002,-37.041940809598628,48.636966865525054,-2.2140260559264249
2021-01-27 03:00:00+00:00,10.125,-36.844637669570311,48.863743090437559,-1.8941054208672483
2021-01-27 04:00:00+00:00,9.0739999999999998,-37.440324625892586,49.090551692894756,-2.5762270670021721
2021-01-27 05:00:00+00:00,8.7690000000000001,-37.72253899631977,49.317392983701005,-2.8258539873812367
2021-01-27 06:00:00+00:00,11.736000000000001,-37.298638044309861,49.544267293658798,-0.50962924934894005
2021-01-27 07:00:00+00:00,8.2059999999999995,-38.626508487697492,49.771174971279606,-2.9386664835821108
2021-01-27 08:00:00+00:00,18.73,-31.64354355359383,49.998116370314101,0.3754271832797329
2021-01-27 09:00:00+00:00,104.256,51.985429627653467,50.225091856654259,2.0454785156922739
2021-01-27 10:00:00+00:00,252.59299999999999,123.65630868035502,50.452101785258527,78.484589534386458
2021-01-27 11:00:00+00:00,301.63200000000001,251.37055196903447,50.679146486531408,-0.41769845556586915
2021-01-27 12:00:00+00:00,253.61500000000001,203.62342025442115,50.906226280536593,-0.91464653495773263
2021-01-27 13:00:00+00:00,145.58000000000001,94.899421267508231,51.133341485562205,-0.45276275307042368
2021-01-27 14:00:00+00:00,33.701000000000001,-13.812729759036406,51.360492422107477,-3.8467626630710683
2021-01-27 15:00:00+00:00,8.407,-40.638207698254369,51.587679415801738,-2.5424717175473646
2021-01-27 16:00:00+00:00,7.2770000000000001,-41.45524991248319,51.814902815940499,-3.0826529034573085
2021-01-27 17:00:00+00:00,8.5690000000000008,-42.064533905903012,52.042162994086965,-1.4086290881839503
2021-01-27 18:00:00+00:00,8.6560000000000006,-42.103829067569478,52.269460342124269,-1.509631274554792
2021-01-27 19:00:00+00:00,8.3460000000000001,-43.464466540055319,52.496795262225227,-0.68632872216991103
2021-01-27 20:00:00+00:00,6.7759999999999998,-44.128935490196987,52.724168163301719,-1.8192326731047288
2021-01-27 21:00:00+00:00,7.5279999999999996,-42.950134498298752,52.951579457255001,-2.4734449589562502
2021-01-27 22:00:00+00:00,7.423,-43.093956877940272,53.17902956645915,-2.6620726885188759
2021-01-27 23:00:00+00:00,8.7599999999999998,-42.717686691826437,53.406518929803106,-1.9288322379766711
2021-01-28 00:00:00+00:00,9.1289999999999996,-43.322957384302114,53.634048003210189,-1.1820906189080773
2021-01-28 01:00:00+00:00,8.4019999999999992,-43.356915453131862,53.861617253789404,-2.1027018006575418
2021-01-28 02:00:00+00:00,8.9220000000000006,-43.655774169783584,54.089227155044455,-1.511452985260874
2021-01-28 03:00:00+00:00,10.695,-43.442135625315245,54.316878190626639,-0.17974256531139332
2021-01-28 04:00:00+00:00,8.4100000000000001,-43.983639121459149,54.544570849483001,-2.1509317280238562
2021-01-28 05:00:00+00:00,8.3170000000000002,-44.180497541284886,54.772305618931966,-2.27480807764708
2021-01-28 06:00:00+00:00,10.364000000000001,-43.703013126468129,55.000082996017191,-0.93306986954906534
2021-01-28 07:00:00+00:00,9.5600000000000005,-44.957128534078294,55.227903489161719,-0.71077495508342281
2021-01-28 08:00:00+00:00,18.783000000000001,-36.359681683060231,55.455767609009534,-0.31308592594930218
2021-01-28 09:00:00+00:00,108.509,53.291995832487842,55.683675864032402,-0.46667169652024398
2021-01-28 10:00:00+00:00,289.95400000000001,148.61943947599883,55.911628757760958,85.422931766240225
2021-01-28 11:00:00+00:00,401.39100000000002,291.8886498261964,56.139626788546742,53.362723385256878
2021-01-28 12:00:00+00:00,369.65300000000002,237.30463101905667,56.367670446702441,75.980698534240901
2021-01-28 13:00:00+00:00,195.77500000000001,110.09600980700925,56.595760213889371,29.083229979101382
2021-01-28 14:00:00+00:00,39.962000000000003,-14.16179775128624,56.823896563325718,-2.7000988120394709
2021-01-28 15:00:00+00:00,8.8770000000000007,-47.407502320481981,57.052079964407874,-0.76757764392588967
2021-01-28 16:00:00+00:00,9.5129999999999999,-48.124996821531774,57.280310897325698,0.35768592420607348
2021-01-28 17:00:00+00:00,9.8849999999999998,-48.637468484521158,57.508589843075619,1.0138786414455367
2021-01-28 18:00:00+00:00,9.4789999999999992,-48.436137882713219,57.736917271416409,0.17822061129680833
2021-01-28 19:00:00+00:00,8.2189999999999994,-49.682955846601033,57.965293636110907,-0.063337789509873232
2021-01-28 20:00:00+00:00,6.657,-50.545033102851448,58.193719380429798,-0.99168627757835281
2021-01-28 21:00:00+00:00,9.4610000000000003,-49.406759423259565,58.422194942196619,0.44556448106294511
2021-01-28 22:00:00+00:00,8.7850000000000001,-49.525040517524758,58.650720758316261,-0.34068024079150661
2021-01-28 23:00:00+00:00,12.218999999999999,-49.205356855599341,58.879297257742707,2.5450595978566355
2021-01-29 00:00:00+00:00,9.2639999999999993,-50.013358235628829,59.10792485988874,0.1694333757400841
2021-01-29 01:00:00+00:00,8.8190000000000008,-49.947181291353857,59.336603960933878,-0.57042266958001875
2021-01-29 02:00:00+00:00,9.0779999999999994,-50.297269566926644,59.565334946395573,-0.19006537946892621
2021-01-29 03:00:00+00:00,9.2430000000000003,-50.062398965005251,59.794118199781202,-0.48871923477594947
2021-01-29 04:00:00+00:00,10.305999999999999,-50.547530016785878,60.022954101786176,0.83057591499969874
2021-01-29 05:00:00+00:00,8.4529999999999994,-50.673602824229789,60.251843029448054,-1.1252402052182617
2021-01-29 06:00:00+00:00,8.6859999999999999,-50.151964777414769,60.480785350851704,-1.6428205734369357
2021-01-29 07:00:00+00:00,9.6479999999999997,-51.291561558526709,60.7097814376651,0.22978012086160504
2021-01-29 08:00:00+00:00,19.120999999999999,-41.07692730087561,60.938831668739361,-0.74090436786375591
2021-01-29 09:00:00+00:00,93.715000000000003,54.371534376614889,61.167936419516622,-21.824470796131507
2021-01-29 10:00:00+00:00,235.381,173.64708758633674,61.397096064457607,0.33681634920565529
2021-01-29 11:00:00+00:00,354.50700000000001,332.50360150097856,61.626310972833693,-39.622912473812249
2021-01-29 12:00:00+00:00,322.43400000000003,271.12843765678502,61.85558150562904,-10.550019162414038
2021-01-29 13:00:00+00:00,161.352,125.28202785789283,62.084908020254183,-26.014935878147007
2021-01-29 14:00:00+00:00,31.759,-14.314005918095932,62.314290879478143,-16.241284961382213
2021-01-29 15:00:00+00:00,9.0899999999999999,-54.190251337172484,62.543730442941659,0.73652089423082856
2021-01-29 16:00:00+00:00,7.1909999999999998,-54.815658870107598,62.77322706301711,-0.76656819290951006
2021-01-29 17:00:00+00:00,8.1679999999999993,-55.233724034207555,63.002781082263965,0.39894295194358875
2021-01-29 18:00:00+00:00,9.6590000000000007,-54.788748952954499,63.232392841091524,1.2153561118629739
2021-01-29 19:00:00+00:00,7.7069999999999999,-55.91796917397231,63.462062670501588,0.16290650347072244
2021-01-29 20:00:00+00:00,7.4489999999999998,-56.976500714835367,63.691790886090558,0.73370982874480717
2021-01-29 21:00:00+00:00,8.2929999999999993,-55.851751866404342,63.921577793386213,0.22317407301812153
2021-01-29 22:00:00+00:00,8.7449999999999992,-55.943635463144346,64.15142368661914,0.53721177652521135
2021-01-29 23:00:00+00:00,9.2840000000000007,-55.672134945107047,64.381328851012384,0.57480609409466865
2021-01-30 00:00:00+00:00,9.6829999999999998,-56.708771480182541,64.6112935614306,1.7804779187519415
2021-01-30 01:00:00+00:00,9.6839999999999993,-56.550919116223334,64.841318079457423,1.3936010367659151
2021-01-30 02:00:00+00:00,9.1500000000000004,-56.9554791605593,65.071402645458406,1.0340765151008924
2021-01-30 03:00:00+00:00,8.5239999999999991,-56.704124912308018,65.301547479966572,-0.073422567658553817
2021-01-30 04:00:00+00:00,9.1430000000000007,-57.120256752934282,65.531752789269319,0.73150396366496295
2021-01-30 05:00:00+00:00,10.606999999999999,-57.184895333859572,65.762018773065606,2.0298765607939657
2021-01-30 06:00:00+00:00,9.2439999999999998,-56.648524896061424,65.992345618145819,-0.099820722084402291
2021-01-30 07:00:00+00:00,9.1029999999999998,-57.623002606983043,66.222733491581479,0.50326911540156516
2021-01-30 08:00:00+00:00,21.082000000000001,-45.817088127713646,66.453182553223741,0.44590557448989898
2021-01-30 09:00:00+00:00,120.55,55.302927509079915,66.683692955176326,-1.4366204642562366
2021-01-30 10:00:00+00:00,305.33100000000002,198.70639772748137,66.91426484482821,39.710337427690433
2021-01-30 11:00:00+00:00,455.29199999999997,373.17327243173281,67.144898376840729,14.973829191426432
2021-01-30 12:00:00+00:00,405.70699999999999,305.04006484150563,67.375593705658446,33.291341452835923
2021-01-30 13:00:00+00:00,232.928,140.44496955794335,67.606350982716435,24.87667945934021
2021-01-30 14:00:00+00:00,56.484999999999999,-14.278130433123605,67.837170356429766,2.9259600766938405
2021-01-30 15:00:00+00:00,7.0739999999999998,-60.981333173283389,68.068051966830424,-0.012718793547037421
2021-01-30 16:00:00+00:00,6.0439999999999996,-61.527893361560146,68.298995929654296,-0.72710256809415341
2021-01-30 17:00:00+00:00,6.1360000000000001,-61.858672507610279,68.530002354209529,-0.53532984659925376
2021-01-30 18:00:00+00:00,7.6109999999999998,-61.162177696901281,68.76107135427641,0.01210634262487531
2021-01-30 19:00:00+00:00,6.7839999999999998,-62.173588487511054,68.992203046967916,-0.034614559456855432
2021-01-30 20:00:00+00:00,6.9989999999999997,-63.416019270237932,69.223397548061925,1.1916217221760093
2021-01-30 21:00:00+00:00,8.6720000000000006,-62.281900622791511,69.454654968879183,1.4992456539123253
2021-01-30 22:00:00+00:00,8.6780000000000008,-62.342181219401603,69.68597540588533,1.3342058135162773
2021-01-30 23:00:00+00:00,8.2590000000000003,-62.128962940720477,69.917358936255155,0.47060400446532924
2021-01-31 00:00:00+00:00,7.6139999999999999,-63.406672430184109,70.148805620478711,0.87186680970539499
2021-01-31 01:00:00+00:00,9.3160000000000007,-63.1547474194359,70.380315509056459,2.0904319103794364
2021-01-31 02:00:00+00:00,8.8179999999999996,-63.620693771269558,70.611888638659082,1.8268051326104739
2021-01-31 03:00:00+00:00,9.8160000000000007,-63.361238261701665,70.843525022374976,2.3337132393266842
2021-01-31 04:00:00+00:00,9.2460000000000004,-63.695570240756354,71.0752246485049,1.8663455922514487
2021-01-31 05:00:00+00:00,9.7530000000000001,-63.696799987829763,71.30698747834046,2.1428125094893034
2021-01-31 06:00:00+00:00,10.868,-63.181201275593601,71.53881344831025,2.5103878272833526
2021-01-31 07:00:00+00:00,10.339,-63.947114707064252,71.770702468252424,2.5154122388118338
2021-01-31 08:00:00+00:00,22.547999999999998,-50.587901900278609,72.002654418398436,1.1332474818801757
2021-01-31 09:00:00+00:00,130.184,56.128139855433787,72.234669151517281,1.8211909930489298
2021-01-31 10:00:00+00:00,334.279,223.77389551158998,72.466746502423476,38.038357985986536
2021-01-31 11:00:00+00:00,437.61599999999999,413.87172676887718,72.698886289063523,-48.954613057940719
2021-01-31 12:00:00+00:00,414.20499999999998,339.02218637810876,72.931088326780937,2.2517252951102904
2021-01-31 13:00:00+00:00,229.72800000000001,155.57816528160043,73.163352427432585,0.98648229096698969
2021-01-31 14:00:00+00:00,62.063000000000002,-14.075877690285459,73.39567838296486,2.7431993073205945
2021-01-31 15:00:00+00:00,8.4580000000000002,-67.777430331753663,73.628065967648496,2.607364364105166
2021-01-31 16:00:00+00:00,9.5909999999999993,-68.252614890818819,73.860514927059569,3.9830999637592441
2021-01-31 17:00:00+00:00,7.484,-68.514214472922319,74.093024973598745,1.9051894993235692
2021-01-31 18:00:00+00:00,8.2539999999999996,-67.559266142989003,74.325595782055387,1.4876703609336204
2021-01-31 19:00:00+00:00,8.3529999999999998,-68.448752215657237,74.558227002190705,2.2435252134665262
2021-01-31 20:00:00+00:00,6.6639999999999997,-69.859848761336977,74.790918264216032,1.7329304971209467
2021-01-31 21:00:00+00:00,8.343,-68.696863676851279,75.023669174623521,2.0161945022277621
2021-01-31 22:00:00+00:00,9.1150000000000002,-68.717153110622135,75.256479318323002,2.5756737922991277
2021-01-31 23:00:00+00:00,8.516,-68.585561951755935,75.489348256349857,1.6122136954060835
